Cust_id,CustName,Product_code,Country_code,Sales_Type,Net_sales,Invoice_Amount
SIE39906,Garrett Bauer,HA1,SIE,Direct,1,400
EST39196,Rama Norris,GI2,EST,Website,2,400
AFG39258,Serena Carr,ER3,AFG,Website,2,400
CAN39302,Brendan Daniel,BR1,CAN,Website,2,400
POR39323,Judith Beasley,LU4,POR,Website,2,400
NOR39103,Olympia Hewitt,DA1,NOR,Other,3,600
ITA39581,Fallon Soto,DI3,ITA,Website,2,800
TUR39194,Aquila Russell,DE1,TUR,Website,4,800
GRE39678,Teagan Hebert,SO2,GRE,Website,4,800
MIC39753,Emily Brooks,AN3,MIC,Direct,4,800
PAL39849,Linda Oconnor,JE3,PAL,Other,4,800
FIN39735,Susan Mathis,MA1,FIN,Website,5,1000
NEW39723,Shad Saunders,KA2,NEW,Other,3,1200
PAL39867,Sandra May,DA3,PAL,Website,3,1200
AND39574,Britanni Hill,LY2,AND,Direct,6,1200
RWA39900,Ifeoma Mcguire,SL1,RWA,Direct,6,1200
CHA39209,Paloma Sweeney,DA4,CHA,Website,7,1400
SWA39356,Yetta Stanley,GE5,SWA,Website,7,1400
FIN39270,Ainsley Durham,ZA5,FIN,Website,4,1600
GIB38997,Kevin Mcclain,SY3,GIB,Direct,8,1600
KOR39147,Haviva Roberson,MI2,KOR,Direct,5,2000
SAM39764,Ralph Black,GA3,SAM,Website,5,2000
DJI39145,Maia Durham,AL4,DJI,Other,10,2000
AFG39791,Brielle Conrad,OC1,AFG,Direct,10,2000
SWI39817,Lester Carroll,CO2,SWI,Website,10,2000
ANT39170,Ifeoma Wise,AL3,ANT,Website,6,2400
VIR38976,Sybil Obrien,RY4,VIR,Direct,12,2400
SWE39226,Abigail Collins,BR2,SWE,Direct,12,2400
URU39591,Erica Hernandez,EV3,URU,Direct,200,2400
IRA39216,Daphne Dawson,HA5,IRA,Website,13,2600
TAJ39874,Leroy Tate,JO2,TAJ,Direct,13,2600
MOR39014,Shelby Oliver,PE5,MOR,Direct,7,2800
FRE39441,Forrest French,HO2,FRE,Other,7,2800
BUR39561,Morgan Bolton,OD4,BUR,Website,14,2800
BUR39738,Edward Moss,KI2,BUR,Direct,14,2800
ARG39109,Jordan Sawyer,CY2,ARG,Direct,311,2800
AND39870,Joel Romero,XY2,AND,Direct,15,3000
CHR39212,Chloe Valenzuela,CA3,CHR,Website,8,3200
BOT39745,Sophia Gill,QU4,BOT,Other,8,3200
MIC39178,Darrel Mclaughlin,KI1,MIC,Website,16,3200
SOM39415,Cruz Hogan,CA5,SOM,Website,16,3200
BRU39656,Bruno Witt,DI5,BRU,Website,16,3200
LIB39229,Brenda Oneill,GR3,LIB,Website,17,3400
GAM39357,Rajah Rojas,WI2,GAM,Other,9,3600
MAD38963,Alika Schultz,LE1,MAD,Direct,18,3600
NEW38989,Jolene Le,FO5,,Direct,18,3600
POR39062,Gwendolyn Sweet,BA4,,Website,18,3600
SIN39247,Cooper Stark,DO2,,Website,18,3600
ISR39281,Ignacia Cummings,UR2,,Direct,18,3600
GEO39390,Yuli Spencer,BA2,,Website,18,3600
FIJ39524,Tamara Heath,IN2,FIJ,Website,19,3800
PAL39053,Kuame Shaffer,BR3,PAL,Direct,10,4000
MOL38957,Ina Alvarado,AN2,MOL,Website,20,4000
MAU39424,Nathan Burch,DA1,MAU,Direct,20,4000
COO39907,Jasper Andrews,RO2,COO,Website,21,4200
NET38951,Aretha Warner,IS1,NET,Website,22,4400
NIG39050,Keegan Reilly,PH5,NIG,Direct,22,4400
NET39262,Zorita Stark,BR3,NET,Direct,22,4400
MEX39319,Lana Strickland,BR3,MEX,Website,22,4400
TUV39401,Rudyard Leach,MA1,TUV,Website,22,4400
NIU39426,Zenia Blackwell,JA4,NIU,Other,23,4600
CRO39825,Rose Guthrie,JA5,CRO,Website,24,4800
BAH39372,Lucy Holloway,SY3,BAH,Website,25,5000
NAU39540,Yuri Grant,CH2,NAU,Website,25,5000
KAZ39781,Michael Cunningham,LE1,KAZ,Other,25,5000
BAR39805,Alfonso Miles,KY2,BAR,Website,25,5000
BOU39024,Knox Carlson,AR4,BOU,Website,26,5200
SER39218,Clare Snider,GW1,SER,Direct,14,5600
SOU38943,Deacon Padilla,UR1,,Website,28,5600
NIU39012,Karina Goodwin,SI4,,Website,28,5600
HON39411,Illana Hopkins,KA2,,Direct,28,5600
TUR39154,Garrett Bridges,BR3,,Website,29,5800
NAU39751,Cassady Norris,BR1,NAU,Website,15,6000
FRE39115,Octavia Knapp,GI2,FRE,Website,30,6000
CHI39661,Eric Prince,BO1,CHI,Direct,30,6000
GRE39864,Curran Mcgowan,PA5,GRE,Direct,30,6000
KOR39470,Naida Olsen,VI5,KOR,Website,31,6200
FRE39407,Janna Ochoa,BE4,FRE,Website,32,6400
FIN39124,Wing Monroe,IN2,FIN,Website,33,6600
SAI39134,Leonard Guerrero,UR3,SAI,Website,33,6600
SWA39402,Lyle Cobb,ST5,SWA,Website,33,6600
CHR39469,Curran Mcdowell,AI2,CHR,Direct,33,6600
MAU39733,Eleanor Cain,AY5,MAU,Website,33,6600
SUR39304,Emerald Mcintosh,RO1,SUR,Website,17,6800
SYR39613,Kyra Weaver,CO1,SYR,Website,17,6800
CAM39640,Susan Vega,MO4,CAM,Direct,17,6800
SRI39531,Arsenio Soto,CU5,SRI,Other,34,6800
RWA39348,Barrett Alvarez,DA2,,Website,18,7200
ALB39388,Alice Young,AL2,,Website,18,7200
NET39542,Dana Lara,KE2,,Website,18,7200
CZE39557,Harper Miranda,SA3,,Website,18,7200
MYA39801,Amity Baird,OD2,MYA,Website,36,7200
KIR39300,Macey Hunt,FU1,KIR,Direct,37,7400
LIB39346,Cyrus Dickson,JE4,LIB,Website,37,7400
CAN39696,Gregory Wallace,WI5,CAN,Direct,37,7400
SPA39102,Colton Saunders,NO2,SPA,Direct,38,7600
SOM39163,Danielle Wolfe,EB4,SOM,Website,38,7600
BAN39627,Renee Hood,EV1,BAN,Direct,38,7600
ROM39742,Caesar Oneil,BR2,ROM,Website,38,7600
BRU39836,Thomas Shepherd,RI1,BRU,Website,38,7600
YEM39848,Cynthia Malone,XE1,YEM,Website,38,7600
HON39788,Ann Lopez,NI3,HON,Direct,39,7800
SAU39045,Rajah Perry,RO2,SAU,Website,20,8000
SAM39629,Guinevere Gallegos,SA4,SAM,Direct,20,8000
MAL39000,Savannah Paul,AR1,MAL,Website,40,8000
KUW39197,Curran Drake,LE1,KUW,Website,40,8000
BOT39458,Boris Weiss,AL4,BOT,Website,40,8000
BAH39837,Cruz Wells,SE1,BAH,Other,40,8000
CAN39277,Uta Hicks,KE3,CAN,Direct,41,8200
SAI39135,Joy Wyatt,IV3,SAI,Direct,42,8400
THA39139,Winifred Contreras,CO3,THA,Direct,42,8400
NOR39715,Iliana Erickson,FU4,NOR,Website,43,8600
COC39765,Gail Sparks,TA5,COC,Other,43,8600
MAC39321,Tucker Roberts,NA5,MAC,Direct,22,8800
EQU39680,Nicholas Colon,CI4,EQU,Website,22,8800
GRE39894,Jonah Ford,HO2,GRE,Direct,22,8800
PER39204,Amber Watson,JA4,PER,Website,44,8800
PHI39269,Noble Nolan,HE5,PHI,Direct,44,8800
IND39643,Sigourney Galloway,JO3,IND,Website,44,8800
SOL38973,Doris Johnson,SH2,SOL,Direct,45,9000
HUN39235,Daphne Greer,AM3,HUN,Website,45,9000
VIR39512,Vernon Knight,HO3,VIR,Website,23,9200
ARM39081,Amos Russell,MO4,ARM,Website,46,9200
SAI39812,Rhea Chen,HO4,SAI,Direct,47,9400
NOR39345,Nell Holcomb,EV5,NOR,Website,24,9600
MYA39471,Lucius Morrison,HA2,MYA,Website,24,9600
RWA39539,Leah Riddle,AM3,RWA,Other,24,9600
AUS39859,Gray Cobb,BR2,AUS,Website,24,9600
NET39086,Acton Alford,FA4,NET,Direct,48,9600
FIJ39359,Eve Mills,BR1,FIJ,Website,48,9600
MAD39127,Jacob Craft,LA5,MAD,Website,49,9800
ERI39480,Rashad Rivas,BR1,ERI,Direct,49,9800
BOT39876,Brenna Michael,ST1,BOT,Direct,25,10000
AME39527,India Lott,KA1,AME,Direct,50,10000
BOL39773,Paloma Gates,JA3,BOL,Direct,50,10000
LIB39282,Xanthus Hopkins,AL2,,Direct,26,10400
GUA39821,Denise Fox,UR1,,Website,26,10400
ECU39369,Aurora Caldwell,BR4,ECU,Website,52,10400
AME39898,Lamar Wolfe,DY2,AME,Website,52,10400
HEA39380,Yuri Gomez,YV1,,Website,27,10800
SWA39293,Deirdre Lindsay,MA3,SWA,Direct,54,10800
MAY38990,Kaye Mullins,TH3,,Website,28,11200
TUR39060,George Simmons,QU5,,Website,28,11200
MYA39225,Leila Ashley,LA1,,Website,28,11200
SAI39143,Rosalyn Barlow,AM1,SAI,Direct,56,11200
GRE39347,Kyra Shannon,ME3,GRE,Direct,56,11200
SVA39583,Cameran Kirk,RO3,SVA,Direct,56,11200
SEN39449,Doris Cohen,ME5,SEN,Website,57,11400
FRE39253,Camilla York,AR5,,Direct,29,11600
KAZ39443,Anika Riddle,LU3,,Direct,29,11600
GUI39785,Kelly Gould,HE2,GUI,Direct,29,11600
NET39398,Arden Perkins,AK5,NET,Direct,58,11600
TAI39826,Justin Schultz,RA5,TAI,Website,58,11600
SEN39266,Griffin Ferrell,LO4,SEN,Other,59,11800
LIB39466,Charles Mckee,AU1,LIB,Other,60,12000
MAU39363,Serina Barton,JE4,MAU,Website,61,12200
AUS39860,Denton Maddox,IS5,AUS,Website,31,12400
JAP39133,Clark Conley,AB3,JAP,Direct,62,12400
SAN39255,Herrod Lawrence,HA4,SAN,Direct,62,12400
BEL39756,Flynn Elliott,AL5,BEL,Other,63,12600
PAL39033,Theodore Gates,VI4,PAL,Website,32,12800
ANT39153,Indigo Welch,CA1,ANT,Direct,32,12800
TAI39662,Charlotte Shaffer,MA1,TAI,Website,32,12800
OMA39477,Lunea Mack,YU2,OMA,Direct,64,12800
ERI39824,Brenda Jacobson,ME4,ERI,Direct,64,12800
CHI39057,James Contreras,DE1,CHI,Direct,65,13000
NEW39309,Daquan Simpson,AM1,NEW,Direct,65,13000
MYA39433,Alma Kirkland,RU2,MYA,Website,65,13000
UNI39252,Blaine Shields,GR3,UNI,Website,33,13200
ERI39855,Skyler Campos,NO1,ERI,Direct,33,13200
HON39909,Rogan Hodge,RO2,HON,Website,33,13200
UKR39556,Maia Boyer,CH4,UKR,Direct,66,13200
QAT39587,Barclay Gilmore,CA3,QAT,Website,66,13200
KYR38948,Silas Barnes,WA4,KYR,Direct,67,13400
FAR39284,Portia Wolfe,EM1,FAR,Other,34,13600
CAM39744,Colin Chan,SI4,CAM,Direct,34,13600
POL39299,Armando Mills,IN4,POL,Direct,68,13600
ANT39815,Merritt Noel,LA2,ANT,Other,68,13600
ERI39711,Isabella Mcintosh,BY4,ERI,Website,35,14000
MAL39654,Francesca Scott,CH3,MAL,Website,70,14000
ISR39070,Ina Acevedo,RO1,ISR,Website,71,14200
MAC39403,Karina Bullock,CA2,MAC,Website,36,14400
ALB39082,Walker Bender,CE2,ALB,Website,73,14600
GEO39303,Regan Grant,EL5,GEO,Website,74,14800
OMA39508,Jameson Dale,HA3,OMA,Direct,74,14800
BEN39444,Lester Fisher Howard,LA2,BEN,Website,75,15000
CAM39037,Alana Gibbs,KY3,CAM,Direct,38,15200
SIN39749,Armand Wiggins,AI2,SIN,Website,38,15200
GEO39172,Hilda Key,KA2,GEO,Website,77,15400
FAR39061,Nyssa Garza,RO3,FAR,Direct,39,15600
ANT39881,Sheila Baker,GI2,ANT,Website,39,15600
ITA39066,Yvonne Knapp,MI3,ITA,Website,78,15600
CHA39191,Mara Johns,BA1,CHA,Direct,78,15600
TIM39659,Donna Brock,YV1,TIM,Other,78,15600
SUR39501,Jamalia Tillman,RA5,SUR,Website,79,15800
SRI39159,Tarik Chaney,GR1,SRI,Website,40,16000
GUY39790,Kadeem Meyer,JE3,GUY,Direct,40,16000
AUS39635,Colette Rodgers,LA1,AUS,Website,81,16200
JAP39146,Arden Walter,MA1,JAP,Website,41,16400
ALG39206,Ila Kirkland,SE4,ALG,Website,41,16400
AUS39036,Maris Sawyer,JO4,AUS,Website,82,16400
SAM39551,Geoffrey Parrish,LE1,SAM,Other,82,16400
KYR39588,Dillon Pennington,ZE2,KYR,Website,1822,16400
BAN39021,Zena Blackburn,JO3,BAN,Direct,42,16800
HAI39721,Aphrodite Weber,AM3,HAI,Direct,42,16800
GIB39786,Palmer Yates,GI3,GIB,Website,84,16800
BAN39908,Quyn Jacobs,IL1,BAN,Direct,84,16800
EL 39018,Leroy James,LA1,EL ,Website,85,17000
FAL39354,Kevin Hale,RA3,FAL,Website,86,17200
EGY39376,Charles Beach,UT5,EGY,Website,86,17200
SAM39740,Britanni Watson,CH2,SAM,Direct,86,17200
NAU39279,Georgia Bush,KE5,NAU,Website,44,17600
MAU39382,Amity Gay,SH5,MAU,Direct,44,17600
BUR39478,Buffy Rivers,PE4,BUR,Direct,44,17600
COM39880,Yoshi Frederick,KA4,COM,Direct,44,17600
IRE39131,Candice Vinson,YV3,IRE,Direct,88,17600
PAL39182,Akeem Mitchell,LY2,PAL,Website,88,17600
PAR39766,Mallory Sharpe,EL4,PAR,Direct,88,17600
PAR39833,Rama Hunter,GE1,PAR,Direct,88,17600
MOR39416,Boris Snow,BU5,MOR,Direct,89,17800
MAL39535,Jerry Stanley,SH2,MAL,Direct,45,18000
WES39076,Harper Mcguire,SU5,WES,Direct,90,18000
ERI39688,Nadine Salazar,CR3,ERI,Website,46,18400
BRI39828,Ethan Kline,LA1,BRI,Website,46,18400
GUI39395,Quinlan Mack,HA5,GUI,Direct,93,18600
FAR39628,Jelani Larson,WE4,FAR,Direct,93,18600
BOU39607,Melyssa Potts,IL3,BOU,Direct,47,18800
KOR39467,Zane Mcclain,GR4,KOR,Other,94,18800
MAU39677,Bruce Whitehead,ED1,MAU,Direct,94,18800
SAI39712,David Castillo,FU1,SAI,Website,94,18800
PAN38992,Shaine Whitfield,MA5,PAN,Direct,95,19000
TON39058,Ingrid Maddox,IV5,TON,Website,95,19000
IND38996,Yuri Fisher,SH4,IND,Other,48,19200
ECU39663,Azalia Duran,AM4,ECU,Website,48,19200
CHA39425,Jermaine Good,NI2,CHA,Website,97,19400
SWA39510,Jonah Casey,NI2,SWA,Website,49,19600
FAR39152,Caleb Houston,CA4,FAR,Website,98,19600
BAN39846,Roary Tyler,HO1,BAN,Direct,99,19800
DEN39035,Quentin Olsen,CY3,DEN,Direct,50,20000
MON39063,Brittany Cardenas,AD4,MON,Direct,50,20000
MAU39257,Jason Armstrong,MA4,MAU,Website,50,20000
BHU39472,Judah Glass,JO5,BHU,Website,50,20000
DEN39128,Slade Le,LE3,DEN,Website,100,20000
AME39009,Vincent Fletcher,BE3,AME,Website,102,20400
ANT39162,Sara Stevenson,VA3,ANT,Direct,102,20400
ERI39289,Lucius Jensen,CU4,ERI,Other,102,20400
BRI39861,Brielle Porter,KI1,BRI,Website,102,20400
SVA39087,Shelly Gonzalez,CY5,SVA,Website,52,20800
UKR39633,Noble Shepard,ET2,UKR,Website,52,20800
REU39559,Graiden Avila,FI3,REU,Other,104,20800
SLO39658,Karina Rogers,AR2,SLO,Website,104,20800
IRE39200,Leigh Acosta,NI5,IRE,Direct,105,21000
MAL39011,Hope Guy,SA2,MAL,Direct,106,21200
MOR39632,Maxine Charles,SA1,MOR,Direct,106,21200
CZE39771,Lani Talley,GA3,CZE,Direct,106,21200
CYP39901,Hector Calderon,BR5,CYP,Website,106,21200
AND39105,Mikayla Shepherd,IV4,AND,Direct,2356,21200
BOS39774,Griffin Munoz,MI4,BOS,Direct,54,21600
BOT39329,Addison Adkins,JO2,BOT,Direct,108,21600
AUS39619,Frances Hobbs,AU2,AUS,Other,108,21600
SER39813,Herman Hammond,AB5,SER,Website,108,21600
VAN39832,Amir Holder,SA1,VAN,Direct,108,21600
SUR39843,Amery Livingston,LU1,SUR,Direct,108,21600
BUR38993,Sybil Carey,AN4,BUR,Direct,109,21800
AZE39261,Celeste Trevino,GA4,AZE,Website,55,22000
TUN39308,Willa Harmon,HU5,TUN,Website,110,22000
BAR39669,Melissa Summers,SC3,BAR,Direct,110,22000
NEW39915,Ferdinand Carney,TA4,NEW,Website,110,22000
ANG39181,Shana Golden,IN2,ANG,Website,111,22200
KAZ39267,Brock Figueroa,CL4,KAZ,Direct,111,22200
NIG39278,Jameson Brennan,DA4,NIG,Direct,56,22400
SUR39732,Ivor Payne,QU1,SUR,Direct,112,22400
DOM38985,Alec Riddle,OP2,DOM,Other,113,22600
ANG39098,Madaline Valentine,JO3,ANG,Website,57,22800
NOR39743,Dominique Horne,YE5,NOR,Website,57,22800
CAP39052,Clementine Carpenter,EB5,CAP,Direct,114,22800
FAR39685,Azalia Luna,RO3,FAR,Direct,114,22800
ALB39430,Adena Middleton,CE2,ALB,Direct,115,23000
BEL39473,Ina Justice,OR2,BEL,Website,115,23000
SRI39716,Deacon Hunt,BE2,SRI,Direct,115,23000
IRA39101,Tana Baker,IM2,IRA,Website,58,23200
MAU39113,Cally Cameron,HO2,MAU,Direct,58,23200
ANT39222,Ignatius Dejesus,SY4,ANT,Direct,58,23200
PAL39311,Sonya Sexton,AZ1,PAL,Other,58,23200
SWA39465,Lois Strong,SE1,SWA,Website,58,23200
MOL39495,Christine Knox,MI4,MOL,Direct,58,23200
ZIM39286,Lucy Henson,AI2,ZIM,Direct,116,23200
UKR39513,Brendan Byers,QU4,UKR,Website,116,23200
ZIM39667,Aimee Good,UM5,ZIM,Website,116,23200
BAH39674,Hadley Gardner,PA1,BAH,Website,116,23200
URU39818,Regan Johnston,BA1,URU,Website,116,23200
ARG39620,Elizabeth Moody,FI1,ARG,Direct,117,23400
MAC39065,Ivy Delacruz,AS5,MAC,Direct,118,23600
AUS39708,Sara Ford,JO4,AUS,Direct,118,23600
BOS39157,Evan Lewis,QU2,BOS,Other,119,23800
BUR38958,Macy Beard,JA1,BUR,Other,60,24000
HON39272,Ursa Golden,DR3,HON,Direct,60,24000
NIU39140,Victoria Morton,SK2,NIU,Website,120,24000
UNI39689,Brooke Hickman,ME4,UNI,Other,120,24000
AUS39847,Adrian Cummings,BU3,AUS,Website,120,24000
SLO39234,Karyn Vargas,GU2,SLO,Direct,121,24200
GAB39285,August Byrd,LU5,GAB,Website,121,24200
NIG39378,Hadassah Skinner,JO5,NIG,Direct,121,24200
DEN39297,Alma Ortega,FL2,DEN,Website,61,24400
PUE39020,Cassady Vazquez,PA2,PUE,Website,122,24400
NEP39161,Rina Brady,BO2,NEP,Direct,122,24400
BOS39552,Vera Ingram,MA4,BOS,Website,122,24400
VEN39664,Carol Briggs,DA3,VEN,Direct,122,24400
PER39526,Liberty Ramos,HA2,PER,Direct,62,24800
NIC39647,Chava Briggs,BU1,NIC,Website,124,24800
CRO38998,Shea Harrington,LA2,CRO,Direct,125,25000
NAM39327,Buffy Bradford,TY4,NAM,Other,125,25000
QAT39761,Tyler Conley,TA3,QAT,Website,125,25000
SOL39315,Lareina Chan,PE1,SOL,Website,63,25200
CRO39694,Lillian Suarez,ME4,CRO,Website,63,25200
RUS39067,Abraham Mcdonald,CY4,RUS,Website,126,25200
CON39461,Bruno Guy,AL2,CON,Direct,127,25400
TUR39474,Carly Graves,AK2,TUR,Direct,128,25600
SAI39763,Evelyn Pace,SY4,SAI,Website,128,25600
SYR38945,Rhona Parker,VA2,SYR,Direct,129,25800
BAR39737,Joseph Daniel,CA3,BAR,Website,129,25800
HUN39618,Shelley Bruce,LA3,HUN,Direct,131,26200
QAT39566,Hedley Morris,HO5,QAT,Other,132,26400
GAM39871,Hunter Dyer,LU4,GAM,Direct,133,26600
BOU38959,Molly Chang,AD2,BOU,Other,134,26800
URU39223,Odette Leon,VE1,URU,Direct,134,26800
NEW39660,Kiara Farley,LI3,NEW,Website,134,26800
PAK39001,Clayton Chang,CO3,PAK,Direct,135,27000
MOR39186,Macey Kline,VE2,MOR,Website,68,27200
WAL39670,Dara Keith,GA4,WAL,Direct,68,27200
IRA39691,Sasha Anthony,SY5,IRA,Website,68,27200
GUA39724,Shea Hall,LO3,GUA,Direct,68,27200
UNI39875,Jessamine Leonard,AL4,UNI,Website,136,27200
GHA39507,Maxwell Edwards,AP5,GHA,Website,137,27400
SRI39438,Selma Stevenson,ID2,SRI,Website,69,27600
GAB39544,Lewis Snider,TA2,GAB,Website,138,27600
VIR39872,Breanna Park,TH3,VIR,Direct,138,27600
SUD39913,Kenneth Navarro,FL2,SUD,Website,138,27600
CZE39665,Penelope Leon,TH1,CZE,Website,70,28000
PUE39693,Paki Melton,WA2,PUE,Direct,70,28000
SAI39719,Asher Compton,PA5,SAI,Direct,70,28000
OMA39391,Oliver Wolf,GA5,OMA,Website,141,28200
EGY39903,Fitzgerald Frank,CL2,EGY,Direct,141,28200
FIJ39772,Hadassah David,RH4,FIJ,Direct,71,28400
TUR38950,Basil Roy,AN3,TUR,Website,142,28400
UNI39099,Talon Francis,CH2,UNI,Direct,142,28400
SER39249,Leo Mckay,LO4,SER,Website,142,28400
PAK39651,Alea Velasquez,KE2,PAK,Direct,142,28400
MYA39668,Deirdre Gentry,VE5,MYA,Other,142,28400
ARM39827,Zachery Crawford,TU3,ARM,Other,142,28400
BUR39174,Blair Mckenzie,HE1,BUR,Website,143,28600
DOM39645,Quinn Collier,HE1,DOM,Direct,143,28600
VAN39897,Haley Jones,HU1,VAN,Direct,143,28600
NIG39294,Shaeleigh James,GR5,NIG,Direct,72,28800
SAO39353,Cedric Winters,BR1,SAO,Direct,72,28800
GUY39195,Elvis Warner,FL4,GUY,Website,144,28800
TIM39250,Norman Sims,AC4,TIM,Website,144,28800
SAU39288,Vernon Crane,TH1,SAU,Direct,144,28800
SOU39570,Blaine Sellers,MA4,SOU,Website,144,28800
PAN38941,Athena Alexander,XE2,PAN,Direct,73,29200
PAN39215,Simon Reilly,NO2,PAN,Website,73,29200
FIJ38970,Dustin Ayala,LI2,FIJ,Website,146,29200
GUY39260,Mason Good,GR3,GUY,Other,146,29200
ECU39728,Bell Chase,ME2,ECU,Website,147,29400
DEN38974,Lysandra Hutchinson,IN5,DEN,Direct,74,29600
SYR39038,Evan Meadows,BA2,SYR,Direct,74,29600
SAI39543,Cynthia Coffey,AN2,SAI,Website,74,29600
SAM39878,Jorden Stanley,FR4,SAM,Direct,148,29600
SOL39582,Mannix Roach,DE4,SOL,Website,149,29800
ETH39259,Lysandra Boyer,WI1,ETH,Direct,150,30000
SOL39310,Byron Austin,SO4,SOL,Website,150,30000
IND39428,Rae Watkins,LU1,IND,Direct,150,30000
COC39029,Scarlett Briggs,NY3,COC,Website,151,30200
VIR39210,Patience Hodge,LY3,VIR,Website,151,30200
GUI39515,Caldwell Clay,LA1,GUI,Other,151,30200
CHA39692,Mollie Dawson,GR1,CHA,Website,76,30400
AME39418,Nina Fowler,MA5,AME,Direct,152,30400
BOS39326,Kameko Callahan,BR3,BOS,Website,153,30600
AND39794,Brynn Lester,JA4,AND,Direct,153,30600
UNI39047,Lucius Mcpherson,IV4,UNI,Direct,77,30800
SAI39090,Stella Pacheco,YU3,SAI,Direct,77,30800
RWA39339,Azalia Sharpe,SH3,RWA,Direct,77,30800
SWA39776,Quail Kerr,CA2,SWA,Website,77,30800
VEN39718,Latifah Gibbs,SO2,VEN,Direct,155,31000
BRA39638,Rooney Hudson,BR1,BRA,Website,78,31200
FAR39528,Deanna Gordon,AR5,FAR,Website,156,31200
KUW39590,Aphrodite Pugh,CH5,KUW,Website,3120,31200
OMA38955,Ivory Duke,MA5,OMA,Website,157,31400
FIN39056,Angela Hodges,BR1,FIN,Website,157,31400
MAL39307,Ignatius Garner,SE1,MAL,Direct,79,31600
MAU39144,Katelyn Ramos,LE5,MAU,Direct,158,31600
SAO39189,Aurora Hendricks,KI3,SAO,Other,158,31600
FAR39283,Kyra Joyce,NO2,FAR,Website,158,31600
PUE39322,Laura Huber,SA1,PUE,Direct,158,31600
CAP39059,Ryder Poole,GW1,CAP,Website,159,31800
JAP39895,Josephine Kennedy,KE3,JAP,Direct,159,31800
EL 39499,Rooney Sandoval,TH2,EL ,Other,80,32000
ANG39856,Amanda Gregory,RE1,ANG,Website,80,32000
HON39863,Kendall Mckinney,SH2,HON,Website,80,32000
BRA38972,Kay Hubbard,SA3,BRA,Direct,160,32000
NOR39034,Fulton Contreras,CO2,NOR,Website,160,32000
MAL39207,Sopoline Mckenzie,AU1,MAL,Website,160,32000
IRA39485,Armand Benson,OL2,IRA,Website,160,32000
GER39882,Beatrice Turner,JA3,GER,Direct,160,32000
LIB39538,Garrett Howe,PA2,LIB,Direct,161,32200
ZIM39655,Breanna Savage,NI1,ZIM,Website,161,32200
LUX39709,Wylie Beach,NE5,LUX,Website,161,32200
PUE39630,Jared Wilkerson,KE5,PUE,Website,81,32400
NAU39865,Rogan Levine,CA2,NAU,Website,81,32400
SIN39585,Mechelle Cherry,ZE5,SIN,Website,162,32400
CHR39852,Aline Hoffman,GA1,CHR,Direct,163,32600
CAN38988,Sandra Barr,KE4,CAN,Website,82,32800
MOL39017,Maggie Rosa,BA2,MOL,Website,82,32800
EL 39796,Fitzgerald Gordon,BR4,EL ,Website,82,32800
GUA38946,Forrest Santana,LA4,GUA,Direct,164,32800
GUI39015,Amy Baird,BE1,GUI,Other,164,32800
AUS39236,Shoshana Holmes,RO2,AUS,Website,164,32800
QAT39437,Rose Sanford,RA3,QAT,Website,164,32800
ANT39722,Lani Kennedy,BE3,ANT,Direct,164,32800
CUB39043,Jasmine Kemp,GW5,CUB,Website,165,33000
FAL39379,Phillip Avery,PA3,FAL,Website,165,33000
PUE39679,Brennan Martinez,EM2,PUE,Direct,83,33200
CAP39184,Callie Peters,KI4,CAP,Website,166,33200
GUA39505,Alma Bradshaw,CA3,GUA,Website,166,33200
SAO39644,Venus Banks,SO3,SAO,Direct,167,33400
KAZ39364,Nola Petty,DA1,KAZ,Direct,84,33600
NEW39375,Dakota Fisher,JO1,NEW,Website,84,33600
COM39389,Emma Gray,VA5,COM,Website,84,33600
SAI39700,Ayanna Abbott,KA4,SAI,Direct,84,33600
BOT39768,Idola Pratt,MA5,BOT,Website,84,33600
RWA39811,Angelica Palmer,LE4,RWA,Website,84,33600
MOL39841,Bevis Workman,AT1,MOL,Direct,84,33600
HON39858,Ralph Jimenez,BR3,HON,Website,168,33600
MAC39306,Megan Hunter,ER5,MAC,Direct,169,33800
GAB38944,Britanni Bender,CE4,GAB,Website,170,34000
VIR39406,Chaney Floyd,SH1,VIR,Direct,171,34200
HON39529,Kenyon Stafford,EV5,HON,Website,171,34200
AND39672,Harding Anderson,BE1,AND,Direct,171,34200
MAD39055,Jane Cotton,EL5,MAD,Website,86,34400
TOK39292,Odysseus Bird,SH5,TOK,Direct,172,34400
EQU39701,Erasmus Frazier,IG2,EQU,Direct,172,34400
AZE39451,Basil Flores,CL5,AZE,Website,174,34800
PER39814,Elliott Clarke,SA5,PER,Direct,174,34800
TIM39777,Aileen Day,JO2,TIM,Website,175,35000
CHR39547,Zorita Watkins,CA2,CHR,Website,88,35200
NOR39703,Kirestin Dixon,NI2,NOR,Website,88,35200
COL38981,Roanna Sawyer,GU3,COL,Direct,176,35200
BEL39336,Otto Gonzales,RA1,BEL,Website,176,35200
UNI39008,Sylvia Lewis,AU1,UNI,Website,177,35400
MAU39778,Blythe Fitzpatrick,LA2,MAU,Website,177,35400
POL39030,Eden Colon,IL1,POL,Website,89,35600
CZE39104,Wendy Erickson,SY3,CZE,Website,178,35600
SYR39726,Fletcher Summers,TH3,SYR,Direct,178,35600
GRE39132,Wanda Roberson,DA4,GRE,Website,179,35800
UNI39486,Chastity Landry,NI4,UNI,Website,179,35800
SAU39616,Jackson Castillo,JE5,SAU,Other,90,36000
NOR39636,Clark Ford,MA4,NOR,Direct,90,36000
REU39318,Sandra Carroll,HY1,REU,Website,180,36000
SAM39342,Ima Mcfadden,SY3,SAM,Website,180,36000
UZB39487,Sara Little,LU1,UZB,Direct,180,36000
IRA39560,Britanni Bass,DR2,IRA,Direct,180,36000
IRA39706,Gemma Montgomery,GI4,IRA,Website,181,36200
BRI39799,Ruth Faulkner,OR3,BRI,Direct,91,36400
FAR39503,Desiree Aguilar,RE1,FAR,Website,182,36400
IND39517,Risa Chaney,HE5,IND,Website,182,36400
GAM39713,Xyla Sharpe,JA1,GAM,Website,182,36400
BEL39434,Stacy Jennings,KA2,BEL,Direct,92,36800
BEL39553,Florence Fleming,LE2,BEL,Website,92,36800
SIE39571,Yvonne Sykes,BA3,SIE,Website,92,36800
MAU39039,Tatyana Barry,BE2,MAU,Direct,184,36800
PHI39227,Irene Rodriquez,LE5,PHI,Website,184,36800
MIC39392,Nita Mays,SH1,MIC,Website,184,36800
EST39534,Benedict Madden,VI1,EST,Direct,184,36800
MON39541,Ima Heath,SA2,MON,Website,184,36800
FRE39435,Ramona Brewer,MI4,FRE,Other,185,37000
REU39839,Lance Albert,SU1,REU,Website,185,37000
BRU39866,Galena Wynn,OL3,BRU,Direct,185,37000
PHI38984,Kelsie Mendoza,IM3,PHI,Website,93,37200
NIG39496,Vera Wall,BR3,NIG,Direct,186,37200
TOG39769,Hayes Tyler,PE2,TOG,Website,187,37400
TUR39042,Clare Levy,ME3,TUR,Website,94,37600
PAK39748,Griffin Turner,ZO3,PAK,Direct,94,37600
BUR39028,Yvonne Sosa,HI3,BUR,Website,188,37600
BAR39199,Leah Avila,NI5,BAR,Direct,188,37600
CRO39684,Tatyana Mcfadden,MI5,CRO,Direct,188,37600
KOR38965,Dahlia Osborne,JO3,KOR,Direct,189,37800
CHI39490,Lara Hewitt,EL5,CHI,Website,189,37800
ARU39351,Quintessa Sanders,IF1,ARU,Direct,95,38000
TUR39520,Stacy Barker,TI4,TUR,Website,190,38000
SOM39857,Lani Rollins,HY2,SOM,Website,190,38000
AZE39899,Eve Villarreal,DA5,AZE,Website,190,38000
HOL39330,Gisela Underwood,AM2,HOL,Website,191,38200
UNI39484,Cameron Douglas,VE1,UNI,Website,96,38400
UNI39758,Sophia Ray,CL1,UNI,Website,96,38400
YEM39173,Raymond Knowles,CH1,YEM,Website,192,38400
LEB39558,Gwendolyn Rios,BU3,LEB,Direct,192,38400
BUR39002,Cathleen Osborn,NO5,BUR,Direct,193,38600
ANT39500,Sean Gentry,DE4,ANT,Website,193,38600
BER39853,Lewis Schmidt,LA2,BER,Website,97,38800
KUW39394,Shaeleigh Vang,XA4,KUW,Website,98,39200
BOS39707,Ursula Huff,TH2,BOS,Direct,98,39200
TON39316,Cairo Rasmussen,DA3,TON,Direct,196,39200
GUI39783,Harriet Gilbert,NA3,GUI,Direct,196,39200
BOT39160,Ginger Huber,JA3,BOT,Website,197,39400
SER39365,Lana Cox,LE4,SER,Other,197,39400
CAM39797,Ethan Hodge,RA4,CAM,Direct,197,39400
MON39807,Neville Hale,CA5,MON,Direct,197,39400
BUR39798,Brennan Browning,QU4,BUR,Website,99,39600
PAR39439,Florence Klein,VE4,PAR,Direct,198,39600
LEB39809,Quentin Williamson,GE5,LEB,Direct,198,39600
BER39850,Reagan Curry,LE2,BER,Website,198,39600
ALB38969,Nichole Wilkinson,JE3,ALB,Direct,199,39800
GER39504,Aimee Mercer,LA1,GER,Website,199,39800
OMA39736,Colleen Waller,QU3,OMA,Other,199,39800
LIB38960,Isadora Alvarez,AM4,LIB,Direct,100,40000
ZIM39095,Guinevere Pace,HE2,ZIM,Direct,100,40000
CHA39877,Yvonne Hamilton,UR5,CHA,Website,200,40000
LEB39565,Serina Hunt,AD3,LEB,Other,201,40200
NAU39141,Zia Hoffman,BL5,NAU,Direct,202,40400
KOR39167,Rachel Wilkinson,NI1,KOR,Website,202,40400
GAM39271,Noelle Baker,CA4,GAM,Other,202,40400
NET39518,Bree Hebert,NO3,NET,Direct,203,40600
NAM39884,Kirk Beck,EM4,NAM,Website,203,40600
BOU39116,Anne Chaney,KE4,BOU,Direct,102,40800
FRE39006,Selma Guthrie,KE2,FRE,Website,204,40800
CAP39265,Odette Hopper,SA3,CAP,Direct,204,40800
SAI39586,Burke Moses,AS3,SAI,Direct,204,40800
NEW39717,Lester Buckner,PA5,NEW,Website,204,40800
CHI39784,Kasimir Best,JA1,CHI,Direct,204,40800
DEN39164,Sigourney Moses,RA3,DEN,Direct,206,41200
MAR39083,Audrey Kirk,HA3,MAR,Direct,207,41400
CYP39370,Wendy Mason,YU4,CYP,Direct,207,41400
NIG39572,Mason Boyd,TA4,NIG,Direct,104,41600
GUI39697,Zephania Fisher,AL3,GUI,Other,104,41600
DEN39409,Ian Solomon,AU4,DEN,Website,208,41600
HUN39611,Calista Terry,KE2,HUN,Website,208,41600
MIC39731,Emerson Larsen,AN5,MIC,Website,208,41600
BOS39150,Lacota Caldwell,ZI5,BOS,Website,209,41800
SVA39440,Lester Castaneda,HA4,SVA,Direct,105,42000
PAN38980,Doris Wilkerson,IS1,PAN,Website,210,42000
HOL38999,McKenzie Mcneil,KA2,HOL,Website,211,42200
FIN39117,Lunea Floyd,VE2,FIN,Website,211,42200
PAN39238,Germaine Schwartz,DO1,PAN,Website,212,42400
TUR39290,Timothy Mckinney,TA2,TUR,Website,212,42400
SPA39595,Guinevere Mcconnell,SH2,SPA,Website,212,42400
SOM39280,Alexa Odonnell,WE5,SOM,Direct,214,42800
ROM39078,Ursa Burgess,IN3,ROM,Website,108,43200
TUR39525,Noelle Everett,MA2,TUR,Direct,108,43200
ANT39578,Deirdre Wilson,TA1,ANT,Website,108,43200
ANT39816,Amery Mcdaniel,BR2,ANT,Direct,108,43200
BEL39314,Zorita Morales,CA4,BEL,Direct,216,43200
GUI39562,Acton Garza,AR1,GUI,Website,109,43600
UNI39151,Gillian Langley,EV1,UNI,Direct,110,44000
SAI39110,Brock Vincent,ED3,SAI,Direct,220,44000
VIE39274,Bruno Colon,SO5,VIE,Direct,111,44400
CAY39069,Alika Cantu,KE1,CAY,Website,222,44400
SAI38986,Shay Boyle,DA3,SAI,Website,224,44800
EGY39138,Josiah Rivera,FU5,EGY,Website,224,44800
NET39625,Maia Gray,RE1,NET,Direct,113,45200
MAL39071,Kieran Whitley,OD3,MAL,Website,226,45200
JAM39468,Lunea Dotson,SY1,JAM,Website,228,45600
GIB39649,Madeson Buchanan,PA1,GIB,Other,228,45600
ANG39313,Allen Diaz,AM2,ANG,Direct,115,46000
UNI39610,Ignatius Mcguire,BR4,UNI,Website,115,46000
MAR39506,Camden Perkins,MA3,MAR,Website,230,46000
UNI39013,Noelle Bullock,NO2,UNI,Direct,116,46400
HUN39121,Jessica Fry,RA3,HUN,Website,116,46400
PAL39725,Isadora James,AL3,PAL,Direct,116,46400
IRA39838,Kay Armstrong,CI1,IRA,Website,116,46400
GUI39074,Baker Strickland,KA3,GUI,Other,232,46400
ZAM39094,Raya Perkins,IS4,ZAM,Direct,232,46400
MOZ39177,Kieran Mcmillan,EV3,MOZ,Direct,232,46400
ANG38971,Mohammad Huff,BR3,ANG,Website,117,46800
CON38940,Uriel Moss,CA3,CON,Direct,234,46800
GAM39502,Amethyst Juarez,ME5,GAM,Website,118,47200
BAH39916,Hedy Hayes,ZA5,BAH,Direct,118,47200
NAU39603,Paloma Solis,DE5,NAU,Website,236,47200
AZE39555,Autumn Gomez,KA1,AZE,Direct,238,47600
VIR39312,Beatrice Foreman,HE2,VIR,Website,120,48000
NAM39352,Keefe Moore,DA2,NAM,Direct,120,48000
COC39597,Thomas Ellis,DE2,COC,Website,240,48000
UNI39602,Bertha Mccarty,NA5,UNI,Website,240,48000
SRI39137,Buckminster Mcdaniel,JO4,SRI,Direct,121,48400
ARM39755,Grant Burks,SA1,ARM,Direct,122,48800
KOR39840,Keaton Vincent,IR2,KOR,Website,122,48800
CHI39442,Jerome Guy,HA3,CHI,Direct,244,48800
ALB39129,Vivian Morrison,CA1,ALB,Direct,123,49200
SOU39220,Eleanor Serrano,KE5,SOU,Direct,123,49200
POR39653,Haley Russo,LU1,POR,Direct,246,49200
TOG39681,Camden Salinas,SY3,TOG,Website,124,49600
SER39454,Timon Murray,RU2,SER,Direct,248,49600
TAN39457,Keelie Nieves,RA4,TAN,Website,248,49600
SRI39800,Sonya Mckinney,ZE5,SRI,Direct,250,50000
SLO39004,Ruth Willis,KA5,SLO,Website,126,50400
IND39048,Kadeem Decker,CL5,IND,Website,126,50400
CAP39475,Britanney Riley,LA1,CAP,Direct,126,50400
ALG39386,Hamilton Shaffer,KE3,ALG,Other,252,50400
SPA39188,Pascale Carlson,SO4,SPA,Direct,254,50800
SOM39219,Hayley Sparks,MA5,SOM,Website,254,50800
GER39422,Mira Cherry,MY5,GER,Other,254,50800
KUW39576,Hannah Rivera,KA5,KUW,Direct,254,50800
MAC39869,Tana Huff,AD1,MAC,Website,254,50800
KAZ39022,Maisie Terry,WI5,KAZ,Website,128,51200
QAT39580,Hilary Pollard,QU1,QAT,Other,128,51200
RWA39904,Drake Rogers,CH5,RWA,Website,128,51200
MAU39228,Luke Farley,AL4,MAU,Direct,256,51200
NOR39621,Emerson Willis,MO2,NOR,Direct,256,51200
JOR39148,Donovan Young,HE1,JOR,Website,258,51600
GUI39757,Briar Herman,MA5,GUI,Website,258,51600
NEP38954,Mercedes Key,HA4,NEP,Direct,130,52000
CEN39192,Nasim Meyer,PA1,CEN,Website,130,52000
VEN39324,Ciara Tyler,CH1,VEN,Direct,131,52400
CHI39287,Alyssa Gilliam,CH4,CHI,Direct,262,52400
PAN39592,Merritt Cooper,AP1,PAN,Website,6550,52400
NOR39413,Lana Velez,GE4,NOR,Direct,132,52800
BUR39432,Joelle Holden,HE4,BUR,Website,132,52800
SWA39896,Laith Rice,KE2,SWA,Direct,132,52800
KOR39545,Urielle Mccullough,EL3,KOR,Direct,264,52800
TUV39516,Connor Dixon,KA1,TUV,Direct,133,53200
BHU39639,Moses Stein,GA1,BHU,Website,133,53200
CHI39198,Katelyn Shaffer,AL4,CHI,Website,266,53200
ANT39690,Lester Schwartz,YV5,ANT,Website,266,53200
SRI39166,William Roach,GE4,SRI,Direct,134,53600
GIB39251,Tara Shaw,NO4,GIB,Website,134,53600
BOT39550,Jameson Andrews,CO5,BOT,Website,134,53600
PAL38962,Ryder Cooley,CL4,PAL,Direct,135,54000
MON39762,Maris Juarez,HA4,MON,Direct,135,54000
HUN38975,Gemma Boyd,UR3,HUN,Direct,270,54000
EQU39862,Cally Harding,LU1,EQU,Other,270,54000
LIB39242,Katelyn Harrell,HA2,LIB,Direct,136,54400
MAU39248,Heidi Dawson,KI3,MAU,Direct,136,54400
GAB39851,Aaron Russo,AD1,GAB,Direct,272,54400
PAL38991,Dawn Russo,CR1,PAL,Direct,137,54800
SVA38994,Davis Barker,RO4,SVA,Direct,274,54800
YEM38964,Simon Brooks,RE3,YEM,Website,138,55200
SWI39118,Basil Kerr,CA3,SWI,Website,138,55200
QAT39136,Maxwell Cherry,DO4,QAT,Website,138,55200
PAK39089,Hall Boyd,RE4,PAK,Direct,276,55200
KUW39609,Kibo Weeks,ME2,KUW,Direct,276,55200
ICE39686,Eve Acevedo,DE2,ICE,Website,139,55600
MAL39243,Noble Mercado,OD3,MAL,Website,140,56000
IND39682,Burke Singleton,SH4,IND,Direct,140,56000
MAL39741,Raphael Kennedy,JE5,MAL,Website,140,56000
TON39305,Devin Long,AR4,TON,Website,141,56400
POL39564,Ella Randall,BR1,POL,Website,141,56400
SVA39642,Charles Simpson,RU5,SVA,Website,141,56400
TUV38953,Gwendolyn Stokes,ET3,TUV,Website,282,56400
MON38966,Maxwell Pollard,IN5,MON,Direct,282,56400
BEL39546,Ivan Coleman,AZ2,BEL,Other,282,56400
NEW39523,Raya Abbott,CA4,NEW,Website,142,56800
GUI39834,Samuel Perry,WY5,GUI,Website,142,56800
VAN38961,Ira Turner,LA2,VAN,Direct,284,56800
NAU39887,Myra Mccormick,FE2,NAU,Direct,284,56800
KUW39165,Marcia Stuart,AL2,KUW,Direct,286,57200
IND39779,Vielka Craig,FL3,IND,Website,286,57200
BEN39408,Shellie Moses,SA5,BEN,Website,288,57600
SUR39533,Devin Rich,MA1,SUR,Website,145,58000
HOL39333,Orla Barton,DA2,HOL,Website,292,58400
LES39770,Hope Herring,CL3,LES,Direct,147,58800
AND39125,Hyatt Schmidt,LE2,AND,Direct,294,58800
KUW39268,Keith Hammond,CH5,KUW,Direct,148,59200
BEL39325,Susan Fulton,WA1,BEL,Website,148,59200
QAT39511,Fleur Mcgowan,HI4,QAT,Direct,148,59200
MAL39606,Lois Noel,MA5,MAL,Website,148,59200
HON39648,Caryn Vaughn,AL1,HON,Direct,148,59200
LUX39729,Iliana Schneider,CH1,LUX,Direct,148,59200
OMA39637,Phillip Dejesus,BU4,OMA,Website,296,59200
NIU39046,Howard Klein,EM4,NIU,Website,150,60000
BOU39245,Ashely Stout,KA4,BOU,Other,150,60000
MAU39417,Garth Pruitt,PO5,MAU,Website,300,60000
UNI39760,Brenden Glenn,EV2,UNI,Website,300,60000
NEW39237,Anjolie Gray,JE2,NEW,Website,152,60800
TAJ39320,Hakeem Romero,HI5,TAJ,Website,152,60800
SWA39604,Macey Hart,FL3,SWA,Website,152,60800
UZB39373,Bradley Carpenter,AC1,UZB,Direct,304,60800
MAC38952,Hiroko Flores,AS3,MAC,Website,306,61200
HUN39100,Karen Galloway,LE2,HUN,Website,306,61200
MAU39447,Colby Hudson,CA5,MAU,Website,306,61200
GAM39019,Tucker Carr,NO2,GAM,Website,154,61600
TUR39190,Lael Espinoza,SL4,TUR,Direct,308,61600
SLO39497,Cooper Gilbert,RA3,SLO,Website,308,61600
MON39584,Colin Schwartz,DE4,MON,Website,310,62000
SIE39652,Nissim Shannon,IL5,SIE,Direct,156,62400
SOU39705,Orla Adams,PA2,SOU,Direct,156,62400
VIE39727,Yael Rocha,TA2,VIE,Website,156,62400
MYA39600,Yvette Mcclure,BR1,MYA,Direct,159,63600
CZE39802,Ciara Daniel,AU1,CZE,Website,159,63600
TAI39208,Sandra Noble,MA3,TAI,Direct,160,64000
BOU39491,Morgan Stevenson,VI1,BOU,Website,161,64400
SWE39671,Georgia Beach,CO5,SWE,Direct,161,64400
TUR39675,Yen Mccall,RE4,TUR,Website,322,64400
TRI39230,Robin Watson,BR4,TRI,Website,162,64800
GIB39456,Cadman Webb,UP3,GIB,Direct,162,64800
MAL39536,Ebony Atkinson,KA2,MAL,Website,162,64800
ANG39615,Dacey Kemp,DE3,ANG,Website,162,64800
MAR39666,Amela Graves,LO1,MAR,Other,162,64800
SYR39911,Isabelle Mcbride,HA1,SYR,Other,324,64800
TUR39123,Lani Poole,MA2,TUR,Direct,163,65200
ANG39657,Jesse Finley,CR1,ANG,Website,163,65200
ICE39026,Brent Dean,TA1,ICE,Website,326,65200
HAI39455,Lars Richmond,QU4,HAI,Website,326,65200
TIM39263,Amir Hurst,RO5,TIM,Direct,164,65600
ANG39631,Dara Horne,FE3,ANG,Direct,164,65600
MOL39775,Claire Turner,AU2,MOL,Direct,164,65600
TOK39387,Minerva Williamson,IN1,TOK,Direct,328,65600
BEL39530,Anika Rivers,IF5,BEL,Direct,328,65600
MAL39344,Noel Riddle,BL1,MAL,Direct,330,66000
MON38967,Vaughan Aguirre,DE1,MON,Website,166,66400
KIR39429,Tamekah Kidd,HA1,KIR,Website,166,66400
PAK39445,Hayes Gutierrez,DA3,PAK,Website,166,66400
SOL39612,Aurora Mcguire,KN2,SOL,Website,332,66400
PIT39789,Marvin Morales,TH3,PIT,Website,332,66400
PAL38978,Alea Hoffman,RH4,PAL,Website,167,66800
MAY39203,Rebekah Yang,SA3,MAY,Website,167,66800
MAD39032,Olga Huber,GW4,MAD,Direct,168,67200
BUR39808,Theodore Gibson,CA3,BUR,Website,168,67200
TOG39091,Celeste Zimmerman,AA3,TOG,Website,336,67200
UGA39822,Hollee Christian,HA5,UGA,Website,336,67200
GUY39579,Rajah Flowers,JA3,GUY,Direct,338,67600
PAK39782,Nita Battle,IG1,PAK,Website,338,67600
BUL39793,Ashely Stafford,AN5,BUL,Direct,338,67600
TUN38968,Ebony Ayala,RA2,TUN,Website,170,68000
NIG39054,Levi Harrington,IM2,NIG,Direct,170,68000
GUA39460,Mia Padilla,SA5,GUA,Direct,170,68000
DEN39493,Sarah Williamson,RA2,DEN,Website,170,68000
IRE39494,Buffy Alford,WA1,IRE,Website,170,68000
GRE39519,Lucius Lowe,HA5,GRE,Website,170,68000
PAR39720,MacKenzie Carroll,MA5,PAR,Website,170,68000
SIN39093,Reed Clay,CO2,SIN,Direct,340,68000
SRI39626,Vance Joseph,OL2,SRI,Website,340,68000
SYR39488,Cheryl Simmons,JO2,SYR,Website,342,68400
BEL39214,Yeo Greer,FR3,BEL,Website,172,68800
SAI39462,Cade Whitehead,PA3,SAI,Direct,172,68800
ANT39217,Samson Wheeler,GE2,ANT,Direct,344,68800
NET39714,Autumn Vinson,ZE3,NET,Website,173,69200
MOL39168,Robert Gomez,DU4,MOL,Other,346,69200
ETH39831,Ethan Kelley,JU1,ETH,Direct,346,69200
SAI39169,Armando Weber,OS3,SAI,Website,174,69600
SAI39412,Audrey Howell,KI4,SAI,Website,174,69600
ALB39421,Gage James,AU2,ALB,Direct,174,69600
GUA39275,Jennifer Smith,AU1,GUA,Website,175,70000
COO39879,Pamela Hoffman,EL3,COO,Direct,175,70000
CHA39005,Rafael Reynolds,FL2,CHA,Direct,176,70400
MOZ39080,Fulton Carson,MA4,MOZ,Website,176,70400
UZB39130,Quail Vasquez,SI5,UZB,Website,176,70400
COM39171,Hyacinth Conner,MO2,COM,Direct,352,70400
JOR39476,Velma Barnes,BL3,JOR,Website,354,70800
HAI39910,Lacey Barrera,JU2,HAI,Direct,354,70800
DEN39044,Jackson Riley,ZI5,DEN,Website,178,71200
CZE39419,Quamar Sweeney,ER5,CZE,Website,178,71200
MOZ39823,Keith Espinoza,ME3,MOZ,Website,178,71200
WES39016,Elaine Singleton,GE2,WES,Website,356,71200
ARM39176,Ifeoma Rivers,MA5,ARM,Direct,356,71200
KOR39040,Tana Matthews,JE2,KOR,Direct,179,71600
AFG39792,Laith Finch,VE5,AFG,Website,179,71600
SPA39522,Hayley Lucas,FA4,SPA,Direct,358,71600
SER39231,Ursa Garrett,BR1,SER,Direct,180,72000
COS39589,Sandra Levy,SA5,COS,Direct,6000,72000
OMA39367,Lois Cruz,PH1,OMA,Website,362,72400
FRE39902,Forrest Downs,AL1,FRE,Website,362,72400
ANG39239,Isaac Leblanc,CA4,ANG,Website,182,72800
SIN39368,Nora Nelson,RO5,SIN,Website,182,72800
UGA39453,Keaton Rogers,GU1,UGA,Direct,182,72800
IND39739,Holmes Vinson,IG2,IND,Website,182,72800
FRE39787,Keaton Burris,EL2,FRE,Website,182,72800
LES39699,Anthony Pacheco,RO1,LES,Direct,364,72800
TRI39377,Bree Hinton,GR3,TRI,Website,183,73200
POL39623,Roary Shannon,AU3,POL,Website,183,73200
PUE39780,Wanda Ayala,AD1,PUE,Direct,183,73200
ANG39806,Gisela Larson,OR1,ANG,Website,183,73200
COL39397,Vivian Fields,HA3,COL,Website,366,73200
NIG39634,Aurelia Ratliff,AM5,NIG,Website,366,73200
BAH39687,Howard Reed,RI1,BAH,Other,184,73600
IND39003,Melinda Brown,IS2,IND,Website,368,73600
ARM39568,Yael Cameron,AS5,ARM,Website,368,73600
SEY39537,Michael Stewart,KE1,SEY,Website,370,74000
ZAM39868,Daria Grimes,ST1,ZAM,Website,370,74000
TAI39396,Hedwig Quinn,SH2,TAI,Other,374,74800
VAN39886,Erich Avery,RA1,VAN,Website,188,75200
SVA39532,Paul Shields,HE5,SVA,Website,189,75600
NOR39338,Bell Buckley,QU1,NOR,Website,378,75600
CEN39730,Joel Meyer,AL5,CEN,Other,378,75600
BAN39051,Aladdin Doyle,MA1,BAN,Direct,190,76000
LIE39120,Sebastian Graves,TI3,LIE,Direct,190,76000
GUA39244,Brynne Coffey,LO2,GUA,Website,190,76000
VIE39041,Perry Gallegos,LE3,VIE,Website,380,76000
ANG39844,Zahir Mcdaniel,AM2,ANG,Website,191,76400
SAN39096,Marah Dyer,HA2,SAN,Direct,382,76400
LEB39291,Indira Riddle,ZE3,LEB,Direct,382,76400
COS39759,Amela Townsend,JA4,COS,Website,192,76800
VAN39650,Martena Contreras,BR3,VAN,Website,384,76800
NAU39097,Aphrodite Charles,DO1,NAU,Direct,193,77200
GEO39464,Nicole Silva,YE3,GEO,Website,194,77600
PAK39479,Ori Vargas,DE3,PAK,Website,388,77600
FRE39498,Mira Clarke,NI3,FRE,Direct,388,77600
NEP39187,Dakota Hall,BR5,NEP,Website,195,78000
BOS39335,Victor Mcclain,AI1,BOS,Website,196,78400
WES39710,Athena Spears,DA5,WES,Direct,196,78400
BOS39410,Desiree Talley,KY3,BOS,Website,392,78400
BOL39601,Sylvester Joseph,IS2,BOL,Direct,392,78400
MAL38956,Odette Patton,AP3,MAL,Website,197,78800
SWE39573,Barrett Golden,RU4,SWE,Direct,197,78800
DEN39298,Nichole Maynard,BR1,DEN,Direct,394,78800
CON39384,Gemma Wilcox,KE2,CON,Website,394,78800
AZE39569,Rooney Shepard,TU2,AZE,Direct,394,78800
FAL39341,Ursula Bentley,MA1,FAL,Website,198,79200
SYR39349,Maite Montgomery,HA5,SYR,Direct,198,79200
KYR39459,Oscar Stanley,BU2,KYR,Website,198,79200
POL39883,Kaitlin Hubbard,PR3,POL,Direct,396,79200
LIB39254,Brielle Keller,NI4,LIB,Website,199,79600
LIB39795,Fletcher Oneill,KI4,LIB,Direct,398,79600
VIR39360,Kirestin Foster,YU3,VIR,Website,200,80000
EGY39820,Eaton Carter,DA5,EGY,Website,201,80400
HON39088,Vance Bolton,CO4,HON,Direct,202,80800
SAI39084,Jermaine Barber,LI4,SAI,Website,404,80800
TUN39114,Jason Bridges,AL3,TUN,Website,404,80800
SAI39385,Nichole Warren,GE4,SAI,Website,404,80800
CEN39575,Sarah Sullivan,KA2,CEN,Direct,404,80800
URU39007,Gray Estrada,ME4,URU,Website,203,81200
EST39683,Harlan Faulkner,NA1,EST,Direct,203,81200
BRU39819,Thomas Malone,ST2,BRU,Website,406,81200
MYA39734,Brynn Lee,ER3,MYA,Direct,204,81600
TRI39049,Lance Peters,DO4,TRI,Website,408,81600
ARU39232,Priscilla Gibson,BR3,ARU,Website,408,81600
KAZ39596,Evelyn Kidd,IA5,KAZ,Other,408,81600
PUE39905,Hop Sanchez,OR1,PUE,Other,408,81600
HAI39912,Deanna Harvey,SE3,HAI,Website,408,81600
TAN38942,Adria Weaver,LE3,TAN,Website,205,82000
TAN39436,Cherokee Church,RE3,TAN,Website,205,82000
DJI39296,Malcolm Simmons,LU1,DJI,Direct,206,82400
SWI39334,Haviva Clay,AU5,SWI,Direct,206,82400
MAC39362,Patience Osborn,KI1,MAC,Website,206,82400
NIG38977,Venus Tucker,GE1,NIG,Direct,208,83200
FRA39023,Katelyn Lawson,DE1,FRA,Direct,208,83200
LUX39646,Althea Petersen,TH5,LUX,Direct,208,83200
LIT39746,Nichole Fox,DE3,LIT,Website,208,83200
GUY39803,Riley Petty,HA2,GUY,Website,208,83200
TUR39075,Levi Macdonald,MO1,TUR,Website,416,83200
DEN39695,Uma Sargent,IG2,DEN,Website,416,83200
COS39085,Destiny Clayton,KE5,COS,Direct,209,83600
TIM39337,Jorden Jensen,JU1,TIM,Website,209,83600
ISR39111,Sybill Gregory,TA1,ISR,Direct,418,83600
MAL39072,Briar Walton,GA5,MAL,Website,210,84000
FIN39482,Reece Hopper,NA2,FIN,Website,210,84000
PUE39829,Xerxes Best,VE5,PUE,Website,210,84000
CON39704,Quinlan Hopper,SA4,CON,Direct,420,84000
KOR39400,Madeson Logan,YO1,KOR,Direct,211,84400
IRE39185,Burke Wells,MA2,IRE,Direct,422,84400
ZIM39273,Quemby Shaffer,RA5,ZIM,Direct,422,84400
PAN39343,Lael Merrill,BR2,PAN,Direct,212,84800
FAL39064,Tanner Goodwin,BR4,FAL,Direct,214,85600
SWA39489,Savannah Blackwell,AQ5,SWA,Website,214,85600
FAL38979,Guinevere Hardy,MA2,FAL,Website,216,86400
ETH39224,Hannah Charles,ZO2,ETH,Other,218,87200
TOK39448,Tad Burnett,PA4,TOK,Website,218,87200
UGA39463,Lois Tillman,EM3,UGA,Website,218,87200
ARG39158,Louis Foley,RA4,ARG,Direct,222,88800
MAL39405,Zelda Santiago,MC2,MAL,Direct,222,88800
HOL39092,Drake Foreman,AR5,HOL,Website,228,91200
VAN39202,Felicia Kane,HA3,VAN,Other,230,92000
MAC38947,Melinda Macdonald,JA3,MAC,Other,232,92800
GUI39233,Felicia Galloway,CU3,GUI,Website,234,93600
PAR39256,Kimberley Daniels,SI5,PAR,Direct,238,95200
LES39317,Howard Robinson,IF3,LES,Other,238,95200
ZIM39393,Meghan Prince,IG4,ZIM,Direct,238,95200
CHR39450,Imogene Weaver,GR1,CHR,Website,238,95200
BOU39554,Lev Schultz,ME2,BOU,Website,238,95200
JOR39842,Sawyer Chaney,TA5,JOR,Other,238,95200
CHI39180,Hayden Williams,DO5,CHI,Other,246,98400
EL 39205,Garth Little,BR3,EL ,Direct,248,99200
ARG39767,Kaseem Bolton,CA1,ARG,Website,248,99200
REU38949,Petra Buckley,AT4,REU,Other,250,100000
AND39804,Merritt Sykes,SA4,AND,Website,250,100000
GEO39027,Kennan Mccall,AM3,GEO,Website,252,100800
BRU39175,Callie Sargent,CA3,BRU,Website,252,100800
NET39676,Akeem Lawrence,KN4,NET,Website,254,101600
NOR39332,Dylan Rosales,BR2,NOR,Website,256,102400
UNI39119,Stephen Hodges,BR3,UNI,Direct,258,103200
SOU39483,Hamish Wilkins,CA3,SOU,Website,260,104000
IRA39830,Isaac Myers,AM1,IRA,Direct,260,104000
SOL38982,Emily Garner,DE4,SOL,Direct,262,104800
SIE39108,Kalia Paul,IR3,SIE,Website,11644,104800
VAN39350,Desirae Woodward,CA2,VAN,Website,264,105600
TRI39371,Thane Sanford,YV4,TRI,Other,264,105600
YEM39747,Harding Christensen,DA1,YEM,Direct,264,105600
UNI39835,Oprah Clemons,GL4,UNI,Website,264,105600
UKR39873,Winter Hinton,RO4,UKR,Website,264,105600
UZB39593,Jennifer Vazquez,JA5,UZB,Other,268,107200
TUN39221,Leigh Contreras,CE4,TUN,Direct,274,109600
BOU39698,Tate Kaufman,SE5,BOU,Direct,276,110400
NEW39427,Brian Valdez,BR4,NEW,Website,278,111200
SWA39624,Clayton Norton,GU2,SWA,Direct,278,111200
COS39509,Gary Pope,SH4,COS,Direct,280,112000
ARU39404,Dean Underwood,AM1,ARU,Website,282,112800
PAL39107,Logan Durham,LA4,PAL,Website,9600,115200
ALG39599,Naida Little,LA2,ALG,Website,290,116000
TAI39641,Fatima Byrd,MI3,TAI,Other,290,116000
TON39246,Cyrus Lopez,HA1,TON,Website,292,116800
ITA39563,Brittany Evans,LE5,ITA,Other,292,116800
AZE39025,Joseph Sears,NE5,AZE,Direct,294,117600
TUR39752,Drake Mathews,AL4,TUR,Website,294,117600
PER39567,Brian Mendoza,LA1,PER,Direct,296,118400
ZAM39355,Macy Pitts,DE2,ZAM,Website,298,119200
PIT39492,Kevin Emerson,TE2,PIT,Website,300,120000
HON39358,Alisa Sosa,YA2,HON,Website,302,120800
CON39605,Kaye Case,SH1,CON,Direct,302,120800
NEW39549,Zia Miles,MA4,NEW,Direct,304,121600
KOR39106,Dillon Mcneil,SI2,KOR,Direct,15300,122400
PAK39414,Buffy Hull,CE3,PAK,Other,308,123200
BER39211,Althea Byrd,SE2,BER,Direct,310,124000
UNI39383,Aurelia Quinn,JA5,UNI,Website,310,124000
NOR39213,Bruce Ruiz,MI3,NOR,Website,318,127200
BHU39750,Hermione Ford,AD3,BHU,Website,318,127200
SAU39122,Garrison Garcia,AL3,SAU,Direct,320,128000
COM39361,Patience Bishop,HA4,COM,Website,320,128000
ICE39366,Hollee Lloyd,JE2,ICE,Direct,322,128800
VEN39328,Oliver Conner,UR5,VEN,Other,324,129600
BEN39340,Celeste Baxter,DE1,BEN,Website,326,130400
HAI39617,Velma Huber,LE5,HAI,Direct,326,130400
BOL39155,Jordan Garrison,LA1,BOL,Direct,328,131200
PAN39331,Leigh Fuentes,KA2,PAN,Direct,330,132000
CAN39031,Cruz Shaw,ZA4,CAN,Direct,336,134400
PAR39446,Kareem Everett,HA3,PAR,Direct,336,134400
ANT39073,Slade David,SU5,ANT,Direct,338,135200
PAN39452,Hanna Powers,BE4,PAN,Website,340,136000
VEN39622,Oliver Rodriguez,KY1,VEN,Website,340,136000
GAB39156,Minerva Christensen,KE5,GAB,Direct,346,138400
AZE39264,Harrison Nichols,EM4,AZE,Website,350,140000
YEM39068,Leila Carter,TA3,YEM,Direct,352,140800
POL39577,Peter Bryan,GA5,POL,Website,356,142400
SAI39423,Adrienne Cervantes,CL2,SAI,Direct,360,144000
BER39142,Gwendolyn Chaney,ZO1,BER,Direct,362,144800
CEN39201,Adam Mcneil,RI1,CEN,Website,362,144800
SOU39301,Bethany Rhodes,JO4,SOU,Website,362,144800
KEN39845,Lesley Mills,KA1,KEN,Direct,362,144800
LES39374,Indigo Mcfarland,BL2,LES,Direct,374,149600
BOT38983,Sopoline Buckley,JA5,BOT,Website,376,150400
CHA39673,Sybill Stokes,BR3,CHA,Website,376,150400
PAR39183,Montana Rivera,TA3,PAR,Other,378,151200
COM39608,Charissa Graves,KA2,COM,Website,378,151200
MAC39276,Joelle Douglas,BR5,MAC,Direct,380,152000
BOU39514,August Love,HA4,BOU,Direct,380,152000
BEL39193,Callum Perry,PA4,BEL,Direct,382,152800
PAR39295,Desirae Hatfield,NO4,PAR,Direct,382,152800
NOR39077,Cleo Pennington,LE1,NOR,Direct,386,154400
UNI39420,Adara Rodriquez,BR3,UNI,Website,386,154400
ICE39399,Astra Bates,MO4,ICE,Website,388,155200
HAI39614,Ori Hunter,FE2,HAI,Direct,390,156000
IRA39914,Kylynn Reynolds,RA4,IRA,Direct,390,156000
MAL38995,Brielle Crane,KA5,MAL,Direct,392,156800
CAM39598,Thaddeus Cortez,ER1,CAM,Website,392,156800
AME39240,Robert Lee,HO5,AME,Direct,396,158400
SEY39754,Mannix Mooney,CA1,SEY,Website,400,160000
SIE38987,Erich Shelton,BU3,SIE,Website,402,160800
UNI39241,Sylvester Higgins,MO3,UNI,Website,404,161600
MAL39010,Thaddeus Hunter,YA4,MAL,Direct,406,162400
PUE39112,Macaulay Strickland,RY1,PUE,Website,406,162400
SAI39179,Graham Orr,LO3,SAI,Website,408,163200
SWI39079,Zeus Daniels,MA2,SWI,Direct,410,164000
SUD39381,Keegan Johns,MA2,SUD,Website,410,164000
MAC39431,Cara Cantu,DR3,MAC,Direct,412,164800
AZE39810,Jeremy Mcdonald,LU4,AZE,Direct,412,164800
MON39702,Thomas Humphrey,OL4,MON,Direct,416,166400
SOM39481,Demetrius Kidd,MA1,SOM,Direct,418,167200
CHA39854,Fuller Benton,WI2,CHA,Direct,418,167200
COM39149,Sydney Odonnell,YE2,COM,Website,420,168000
VIR39548,Herrod Rojas,FO2,VIR,Direct,420,168000
PHI39885,Cedric Ferguson,OL1,PHI,Direct,420,168000
SAM39126,Kitra Hendrix,GA3,SAM,Direct,422,168800
UKR39521,Hu Jacobson,BU1,UKR,Direct,422,168800
SOM39594,Autumn Mcbride,HO3,SOM,Website,424,169600
NET39890,Ruth Fletcher,KA3,NET,Direct,15,450
GUA39889,Hermione Grimes,EA1,GUA,Other,129,3870
TRI39891,Daryl Gilbert,LA1,TRI,Other,155,4650
SOU39893,Upton Lambert,DE1,SOU,Other,171,5130
GEO39888,Jaime Alvarado,AU5,GEO,Other,188,5640
ICE39892,Bert Fowler,LE2,ICE,Direct,240,7200
